1,admissions,www.pdx.edu/admissions,admissions,
2,psuonline,www.pdx.edu/psu-online,psu-online,
3,training,ondeck.pdx.edu/web-training,web-training,
4,gradschool,www.pdx.edu/gradschool,gradschool,
5,honors,www.pdx.edu/honors,honors,
6,housing,www.pdx.edu/housing,housing,
7,president,www.pdx.edu/president,president,
8,research,www.pdx.edu/research,research,
9,informationtechnology,www.pdx.edu/technology,technology,
10,studenthealthcounseling,www.pdx.edu/health-counseling,health-counseling,
11,ondeck,www.pdx.edu,,
12,studentlife,www.pdx.edu/student-life,student-life,
13,accessibility,www.pdx.edu/accessibility,accessibility,
14,studentfinance,www.pdx.edu/student-finance,student-finance,
15,visit,www.pdx.edu/visit,visit,
16,syndication,ondeck.pdx.edu/syndication,syndication,
17,facultyexperts,www.pdx.edu/faculty-experts,faculty-experts,
18,careers,www.pdx.edu/careers,careers,
19,commencement,www.pdx.edu/commencement,commencement,
20,communication,www.pdx.edu/communication,communication,
21,computerscience,www.pdx.edu/computer-science,computer-science,
22,conflictresolution,www.pdx.edu/conflict-resolution,conflict-resolution,
23,coop,www.pdx.edu/co-op,co-op,
24,deanstudentlife,www.pdx.edu/dean-student-life,dean-student-life,
25,economics,www.pdx.edu/economics,economics,
26,educationabroad,www.pdx.edu/education-abroad,education-abroad,
27,engineering,www.pdx.edu/engineering,engineering,
28,englishlanguageprogram,ondeck.pdx.edu/english-language-programs-0,english-language-programs-0,
29,extremeenvironments,www.pdx.edu/extreme-environments,extreme-environments,
30,financialservices,www.pdx.edu/financial-services,financial-services,
31,geographictechnology,ondeck.pdx.edu/geographic-technology,geographic-technology,
32,governmentrelations,www.pdx.edu/government-relations,government-relations,
33,history,www.pdx.edu/history,history,
34,homelessness,www.pdx.edu/homelessness,homelessness,
35,registration,www.pdx.edu/registration,registration,
36,internationalstudents,www.pdx.edu/international-students,international-students,
37,iroquoisdemocracy,www.pdx.edu/iroquois-democracy,iroquois-democracy,
38,jiaolab,www.pdx.edu/jiao-lab,jiao-lab,
39,senioradultlearningcenter,www.pdx.edu/senior-adult-learning-center,senior-adult-learning-center,
40,socialdeterminantshealth,www.pdx.edu/social-determinants-health,social-determinants-health,
41,regionalresearchinstitute,www.pdx.edu/regional-research-institute,regional-research-institute,
42,racialinterventionstoryexch,www.pdx.edu/racial-intervention-story-exchange,racial-intervention-story-exchange,
43,purchasingcontracting,www.pdx.edu/purchasing-contracting,purchasing-contracting,
44,studentaccesscenter,www.pdx.edu/basic-needs-hub,basic-needs-hub,
45,universitycommunications,www.pdx.edu/university-communications,university-communications,
46,universitystudies,www.pdx.edu/university-studies,university-studies,
47,urbanstudiesplanning,www.pdx.edu/urban-studies-planning,urban-studies-planning,
48,judaicstudies,www.pdx.edu/judaic-studies,judaic-studies,
49,liberalartssciences,www.pdx.edu/liberal-arts-sciences,liberal-arts-sciences,
50,materialsmanagement,www.pdx.edu/materials-management,materials-management,
51,math,www.pdx.edu/math,math,
52,neurolinguistics,ondeck.pdx.edu/neurolinguistics,neurolinguistics,
53,partnerships,www.pdx.edu/university-relations,university-relations,
54,philosophy,www.pdx.edu/philosophy,philosophy,
55,physics,www.pdx.edu/physics,physics,
56,portlandcenter,ondeck.pdx.edu/portland-center-0,portland-center-0,
57,psychology,www.pdx.edu/psychology,psychology,
58,publicadministration,www.pdx.edu/public-administration,public-administration,
59,mentoringresearch,www.pdx.edu/center-for-internship-mentoring-and-research,center-for-internship-mentoring-and-research,
60,mohrdyadiclab,www.pdx.edu/mohr-dyadic-lab,mohr-dyadic-lab,
61,mechanicalmaterialsengineering,www.pdx.edu/mechanical-materials-engineering,mechanical-materials-engineering,
62,publicinterestdesign,www.pdx.edu/public-interest-design,public-interest-design,
63,urbanpublicaffairs,www.pdx.edu/urban-public-affairs,urban-public-affairs,
64,mcnairprogram,www.pdx.edu/mcnair-program,mcnair-program,
65,recreation,www.pdx.edu/recreation,recreation,
66,socialwork,www.pdx.edu/social-work,social-work,
67,researchplanning,www.pdx.edu/research-planning,research-planning,
68,studentmedia,www.pdx.edu/student-media,student-media,
69,sociology,www.pdx.edu/sociology,sociology,
70,studentsuccess,www.pdx.edu/student-success,student-success,
71,russianflagship,www.pdx.edu/russian-flagship,russian-flagship,
72,seedbank,www.pdx.edu/seed-bank,seed-bank,
73,cleantechchallenge,www.pdx.edu/cleantech-challenge,cleantech-challenge,
74,surplus,www.pdx.edu/surplus,surplus,
75,musictheater,www.pdx.edu/music-theater,music-theater,
76,construction,www.pdx.edu/construction,construction,
77,campussafety,www.pdx.edu/campus-safety,campus-safety,
78,engineeringtechmanagement,www.pdx.edu/engineering-technology-management,engineering-technology-management,
79,emsait,www.pdx.edu/student-affairs-technology,student-affairs-technology,
80,internalaudit,www.pdx.edu/internal-audit,internal-audit,
81,internationalaffairs,www.pdx.edu/international-affairs,international-affairs,
82,chemistry,www.pdx.edu/chemistry,chemistry,
83,film,www.pdx.edu/film,film,
84,environmentalscience,www.pdx.edu/environmental-science,environmental-science,
85,artdesign,www.pdx.edu/art-design,art-design,
86,agilerobotics,www.pdx.edu/agile-robotics,agile-robotics,
87,asianstudies,www.pdx.edu/asian-studies,asian-studies,
88,buildings,www.pdx.edu/buildings,buildings,
89,business,www.pdx.edu/business,business,
90,biology,www.pdx.edu/biology,biology,
91,advising,www.pdx.edu/advising,advising,
92,alumni,www.pdx.edu/alumni,alumni,
93,appliedlinguistics,www.pdx.edu/applied-linguistics,applied-linguistics,
94,architecture,www.pdx.edu/architecture,architecture,
95,academicaffairs,www.pdx.edu/academic-affairs,academic-affairs,
96,exito,www.pdx.edu/exito,exito,
97,geographyeducation,www.pdx.edu/geography-education,geography-education,
98,centerchildfamily,www.pdx.edu/center-child-family,center-child-family,
99,japanesestudies,www.pdx.edu/japanese-studies,japanese-studies,
100,centerforpublicservice,www.pdx.edu/center-for-public-service,center-for-public-service,
101,urbanstudies,www.pdx.edu/urban-studies,urban-studies,
102,executiveeducation,www.pdx.edu/professional-education,professional-education,
103,education,www.pdx.edu/education,education,
104,board,www.pdx.edu/board,board,
105,anthropology,www.pdx.edu/anthropology,anthropology,
106,disabilityresourcecenter,www.pdx.edu/disability-resource-center,disability-resource-center,
107,internationalprograms,ondeck.pdx.edu/international-special-programs-0,international-special-programs-0,
108,liberalartssciencesit,www.pdx.edu/liberal-arts-sciences-it,liberal-arts-sciences-it,
109,policies,www.pdx.edu/policies,policies,
110,politicalscience,www.pdx.edu/political-science,political-science,
111,queerresourcecenter,www.pdx.edu/queer-resource-center,queer-resource-center,
112,studentaffairs,www.pdx.edu/student-affairs,student-affairs,
113,studentleadership,www.pdx.edu/student-leadership,student-leadership,
114,studentsustainabilitycenter,www.pdx.edu/student-sustainability-center,student-sustainability-center,
115,transportationresearch,www.pdx.edu/transportation-research,transportation-research,
116,worldlanguages,www.pdx.edu/world-languages,world-languages,
117,youthmentoring,www.pdx.edu/youth-mentoring,youth-mentoring,
118,humanresources,www.pdx.edu/human-resources,human-resources,
119,arts,www.pdx.edu/arts,arts,
120,financeadministration,www.pdx.edu/finance-administration,finance-administration,
121,healthsafety,www.pdx.edu/environmental-health-safety,environmental-health-safety,
122,creativewriting,www.pdx.edu/creative-writing,creative-writing,
123,helengordoncenter,www.pdx.edu/helen-gordon-center,helen-gordon-center,
124,foodcarts,ondeck.pdx.edu/food-carts,food-carts,
125,speechhearingsciences,www.pdx.edu/speech-hearing-sciences,speech-hearing-sciences,
126,transportation,www.pdx.edu/transportation,transportation,
127,facultysenate,www.pdx.edu/faculty-senate,faculty-senate,
128,instituteonaging,www.pdx.edu/institute-on-aging,institute-on-aging,
129,digitalcity,www.pdx.edu/digital-city,digital-city,
130,criminologycriminaljustice,www.pdx.edu/criminology-criminal-justice,criminology-criminal-justice,
131,internationalscholars,www.pdx.edu/international-scholars,international-scholars,
132,museumofart,www.pdx.edu/museum-of-art,museum-of-art,
133,risk,www.pdx.edu/risk,risk,
134,middleeaststudies,www.pdx.edu/middle-east-studies,middle-east-studies,
135,researchexperience,www.pdx.edu/research-experience,research-experience,
136,sciencetechnologyengineering,www.pdx.edu/science-technology-engineering-math,science-technology-engineering-math,
137,multiculturalretentionservices,www.pdx.edu/multicultural-retention-services,multicultural-retention-services,
138,sustainability,www.pdx.edu/sustainability,sustainability,
139,transfercenter,www.pdx.edu/transfer-center,transfer-center,
140,triostudentsupportservices,www.pdx.edu/trio-student-support-services,trio-student-support-services,
141,womensresourcecenter,www.pdx.edu/womens-resource-center,womens-resource-center,
142,writingcenter,www.pdx.edu/writing-center,writing-center,
143,realestate,www.pdx.edu/realestate,realestate,
144,prehealth,www.pdx.edu/pre-health,pre-health,
145,populationresearch,www.pdx.edu/population-research,population-research,
146,instititutenaturalresources,www.pdx.edu/institute-natural-resources,institute-natural-resources,
147,metropolitanstudies,www.pdx.edu/metropolitan-studies,metropolitan-studies,
148,smithstudentunion,www.pdx.edu/student-union,student-union,
149,heroines,www.pdx.edu/heroines,heroines,
150,researchbaseddesign,www.pdx.edu/research-based-design,research-based-design,
151,veteransresourcecenter,www.pdx.edu/veterans-resource-center,veterans-resource-center,
152,womengendersexualitystudies,www.pdx.edu/women-gender-sexuality-studies,women-gender-sexuality-studies,
153,comicsstudies,www.pdx.edu/comics-studies,comics-studies,
154,institutionalassessmentcouncil,www.pdx.edu/institutional-assessment-council,institutional-assessment-council,
155,learningcenter,www.pdx.edu/learning-center,learning-center,
156,diversity,www.pdx.edu/diversity,diversity,
157,podrabskylab,www.pdx.edu/podrabsky-lab,podrabsky-lab,
158,policyconsensuscenter,www.pdx.edu/policy-consensus-center,policy-consensus-center,
159,planningcontructionrealestate,www.pdx.edu/planning-contruction-realestate,planning-contruction-realestate,
160,trioprecollege,www.pdx.edu/trio-pre-college,trio-pre-college,
161,tribalgovernment,www.pdx.edu/tribal-government,tribal-government,
162,academicinnovation,www.pdx.edu/academic-innovation,academic-innovation,
163,educationcareerdevelopment,www.pdx.edu/education-career-development,education-career-development,
164,museumofnaturalhistory,ondeck.pdx.edu/museum-of-natural-history,museum-of-natural-history,
165,studentswithchildren,www.pdx.edu/students-with-children,students-with-children,
166,studentlegalservices,www.pdx.edu/student-legal-services,student-legal-services,
167,challengeprogram,www.pdx.edu/challenge-program,challenge-program,
168,chicanolatinostudies,www.pdx.edu/chicanx-latinx-studies,chicanx-latinx-studies,
169,childlanguagelearningcenter,ondeck.pdx.edu/child-language-learning-center,child-language-learning-center,
170,communityenvironmentalservices,www.pdx.edu/community-environmental-services,community-environmental-services,
171,conferencesevents,www.pdx.edu/conferences,conferences,
172,culturalresourcecenters,www.pdx.edu/cultural-resource-centers,cultural-resource-centers,
173,diversitymulticulturalstudents,www.pdx.edu/diversity-multicultural-student-services,diversity-multicultural-student-services,
174,english,www.pdx.edu/english,english,
175,genderracenations,www.pdx.edu/gender-race-nations,gender-race-nations,
176,generalcounsel,www.pdx.edu/general-counsel,general-counsel,
177,blackstudies,www.pdx.edu/black-studies,black-studies,
178,civilenvironmentalengineering,www.pdx.edu/civil-environmental-engineering,civil-environmental-engineering,
179,geography,www.pdx.edu/geography,geography,
180,globalstudies,www.pdx.edu/global-studies,global-studies,
181,indigenousnationsstudies,www.pdx.edu/indigenous-nations-studies,indigenous-nations-studies,
182,studentcommunityengagement,www.pdx.edu/student-community-engagement,student-community-engagement,
183,centerclimateaerosolresearch,www.pdx.edu/center-climate-aerosol-research,center-climate-aerosol-research,
184,confuciusinstitute,www.pdx.edu/confucius-institute,confucius-institute,
185,facilities,www.pdx.edu/facilities,facilities,
186,geology,www.pdx.edu/geology,geology,
187,accelerator,www.pdx.edu/accelerator,accelerator,
188,systemsscience,www.pdx.edu/systems-science,systems-science,
189,fellowships,www.pdx.edu/fellowships,fellowships,
190,currently,www.pdx.edu/currently,currently,
191,psumagazine,www.pdx.edu/magazine,magazine,
192,microbialecology,www.pdx.edu/microbial-ecology,microbial-ecology,
193,fireprevention,www.pdx.edu/fire-prevention,fire-prevention,
194,landscapeassessmentmapping,www.pdx.edu/landscape-assessment-mapping,landscape-assessment-mapping,
195,allianceminorityparticipation,www.pdx.edu/alliance-minority-participation,alliance-minority-participation,
196,electricalcomputerengineering,www.pdx.edu/electrical-computer-engineering,electrical-computer-engineering,
197,entrepreneurship,www.pdx.edu/entrepreneurship,entrepreneurship,
198,campusplanning,www.pdx.edu/campus-planning,campus-planning,
199,earlychildhoodeducationhub,ondeck.pdx.edu/early-childhood-hub,early-childhood-hub,
200,budget,www.pdx.edu/budget,budget,
201,studentsfirst,ondeck.pdx.edu/students-first,students-first,
202,turkishstudiescenter,ondeck.pdx.edu/turkish-studies-center,turkish-studies-center,
203,womensleadershipcenter,www.pdx.edu/center-womens-leadership,center-womens-leadership,
204,criminaljusticepolicyresearch,ondeck.pdx.edu/criminal-justice-policy-research,criminal-justice-policy-research,
205,hatfieldschool,www.pdx.edu/hatfield-school,hatfield-school,
206,sexualassault,www.pdx.edu/sexual-assault,sexual-assault,
207,bikehub,www.pdx.edu/bikehub,bikehub,
208,dreamers,www.pdx.edu/dreamers,dreamers,
209,emergencymanagement,www.pdx.edu/emergency-management,emergency-management,
210,internationalpartnerships,www.pdx.edu/international-partnerships,international-partnerships,
211,nonprofitinstitute,www.pdx.edu/nonprofit-institute,nonprofit-institute,
212,nativeamericancenter,www.pdx.edu/native-american-center,native-american-center,
213,kahnprejudiceresearchlab,www.pdx.edu/kahn-prejudice-research-lab,kahn-prejudice-research-lab,
214,firststopportland,www.pdx.edu/first-stop-portland,first-stop-portland,
215,vietnamoregoninitiative,www.pdx.edu/vietnam-oregon-initiative,vietnam-oregon-initiative,
216,studentgovernment,www.pdx.edu/student-government,student-government,
217,healthybuildings,www.pdx.edu/healthy-buildings,healthy-buildings,
218,nanointerfaces,www.pdx.edu/nano-interfaces,nano-interfaces,
219,retirementassociation,ondeck.pdx.edu/retirement-association,retirement-association,
220,reserveofficerstrainingcorp,www.pdx.edu/reserve-officers-training-corps,reserve-officers-training-corps,
221,herbarium,ondeck.pdx.edu/herbarium,herbarium,
222,nanodevelopmentlab,www.pdx.edu/nano-development-lab,nano-development-lab,
223,electronmicroscopy,ondeck.pdx.edu/electron-microscopy,electron-microscopy,
224,architectureengineeriningconst,ondeck.pdx.edu/architecture-engineering-construction-archives,architecture-engineering-construction-archives,
225,transportationlabt,transportationlabt,transportationlabt,
226,transportationlab,ondeck.pdx.edu/transportation-lab,transportation-lab,
227,sustainablefoodsystems,ondeck.pdx.edu/sustainable-food-systems,sustainable-food-systems,
228,materialsmanufacturingresearch,materialsmanufacturingresearch,materialsmanufacturingresearch,
229,glaciers,ondeck.pdx.edu/glaciers,glaciers,
230,centerforlakesandreservoirs,ondeck.pdx.edu/center-for-lakes-and-reservoirs,center-for-lakes-and-reservoirs,
231,globalengagement,ondeck.pdx.edu/global-engagement,global-engagement,
232,emcr,ondeck.pdx.edu/emergency-management-community-resilience,emergency-management-community-resilience,
233,internationalenglishlearning,www.pdx.edu/center-for-international-and-english-learning,center-for-international-and-english-learning,
234,summerscholars,www.pdx.edu/summer-scholars,summer-scholars,
